{"cameraMode":{"drawMode":0,"name":"Shaded","section":"Shading Mode"},"sceneLighting":true,"audioPlay":false,"sceneViewState":{"m_AlwaysRefresh":false,"showFog":true,"showSkybox":true,"showFlares":true,"showImageEffects":true,"showParticleSystems":true,"showVisualEffectGraphs":true,"m_FxEnabled":true},"in2DMode":false,"pivot":{"x":-1.3527538776397706,"y":7.442395210266113,"z":-8.169317245483399},"rotation":{"x":0.33959999680519106,"y":-0.00648802425712347,"z":0.0023426946718245746,"w":0.9405451416969299},"size":7.344147205352783,"orthographic":true}